{
  "Electric-Acoustic": [
    {
      "guitar_title": "Tanglewood TWR2 OE Roadsteer",
      "guitar_desc": "The Tanglewood TWR2-OE is a Roadster Series model inspired by nature and the genuine beauty of classic wood. This model makes a completely organic and understated statement.",
      "price": 142,
      "image_path": "./Assets/Electro-acoustic1.png"
    },
    {
      "guitar_title": "Taylor 114E Grand Auditorium",
      "guitar_desc": "The 114e features our popular Grand Auditorium body style, whose physical dimensions havemade it a popular choice for its appealing performance versatility. Layered walnut back and sides are topped with a solid Sitka spruce soundboard, which together produce signature clear and balanced tone with a pleasing projection and midrange focus.",
      "price": 912,
      "image_path": "./Assets/Electro-acoustic2.png"
    },
    {
      "guitar_title": "Fender CC-60SCE Concert",
      "guitar_desc": "the redesigned CC-60S Classic Design Series acoustic guitar has upgraded features including a                            solid spruce top, mahogany back and sides, a mahogany neck with a comfortable profile, and                            rolled edges on a rosewood fretboard.",
      "price": 302,
      "image_path": "./Assets/Electro-acoustic3.png"
    }
  ],
  "Acoustic": [
    {
      "guitar_title": "Acoustic Guitar V1",
      "guitar_desc": "trumming a huge open chord and being met with a warm resonance and rumble that only a great acoustic guitar can create.",
      "price": 100,
      "image_path": "./Assets/Acoustic.png"
    },
    {
      "guitar_title": "Rogue RD80 Dreadnought Acoustic Guitar",
      "guitar_desc": "trumming a huge open chord and being met with a warm resonance and rumble that only a great acoustic guitar can create.",
      "price": 120,
      "image_path": "./Assets/Acoustic2.png"
    },
    {
      "guitar_title": "Acoustic Guitar V2",
      "guitar_desc": "trumming a huge open chord and being met with a warm resonance and rumble that only a great acoustic guitar can create.",
      "price": 110,
      "image_path": "./Assets/Acoustic3.png"
    }
  ],
  "Semi-Acoustic": [
    {
      "guitar_title": "Hartwood Revival Vibrato Semi Acoustic Guitar, Jade Green",
      "guitar_desc": "The Hartwood Revival Semi Acoustic will bring a classic edge to your sound. Its iconic                            semi-acoustic style is matched with an authentic feel and a warm, traditional tone. This                            model has been designed to make your sound stand out. With a classic neck and bridge                            humbucker configuration and parallel tonebar bracing, this guitar produces a striking tone                            that will cut through the mix. It also delivers dynamic tonal possibilities thanks to a rich basswood body.",
      "price": 229.99,
      "image_path": "./Assets/semi-acoustic1.png"
    },
    {
      "guitar_title": "Hofner Very thin Semi-acoustic Guitar - Black",
      "guitar_desc": "The models in this new series are based on Höfner originals of the ´60s, '70s and ´80s.                            However, the Contemporary models are no yesterday's collectors' items, but designed for the                            tough live performance of today's guitarist. All Contemporary semi-acoustic instruments are                            fitted with a centre block for added sustain.",
      "price": 636.19,
      "image_path": "./Assets/semi-acoustic2.png"
    },
    {
      "guitar_title": "Godin A6 Ultra Semi-Acoustic-Electric Guitar",
      "guitar_desc": "The Godin A6 Ultra Semi-Acousti-Electric guitar offers the innovative concepts found in all                            Godin A-series guitars. You get plugged-in acoustic sound with the feel of an electric                            guitar neck, along with a chambered body that virtually eliminates feedback in live and loud                            settings.",
      "price": 1.399,
      "image_path": "./Assets/semi-acoustic3.png"
    }
  ],
  "Bass": [
    {
      "guitar_title": "Fender American Professional II P-Bass MN 3TSB",
      "guitar_desc": "The evolution continues! Fender has updated the successful American Professional series - the                            American Professional II scores with numerous, useful detail improvements: revised                            electronics with the newly developed V-Mod II pickups, new, comfortable neck profile, angled                            neck / body transition to easily reach the high register and high-quality hardware. A lot                            has also changed visually: Fender offers various newly developed paint finishes that make                            every instrument a real eye-catcher.",
      "price": 1679.69,
      "image_path": "./Assets/bass1.jpg"
    },
    {
      "guitar_title": "Jackson JS Series Spectra Bass JS2 MBL",
      "guitar_desc": "The Jackson JS series offers Jackson sound and quality at an unbeatable price / performance ratio. The series includes classic Jackson guitars like the Soloist, Dinky, Rhoads and Bass guitars Kelly Bird and Concert.",
      "price": 205.48,
      "image_path": "./Assets/bass2.jpg"
    },
    {
      "guitar_title": "Squier Classic Vibe Jaguar Bass - Black",
      "guitar_desc": "The Squier Classic Vibe Jaguar Bass turns up the volume on retro style, combining the iconic body shape of the Jaguar with the massive tone of its Fender-Designed alnico pickups.",
      "price": 1.399,
      "image_path": "./Assets/bass3.jpg"
    }
  ],
  "Electric": [
    {
      "guitar_title": "Seattle Electric Guitar by Gear4music, Seafoam Green",
      "guitar_desc": "A jazz-style electric guitar packed with surf and grunge tones! The Seattle Electric Guitar by Gear4music, Seafoam Green has an offset shape and a set of aggressive-sounding pickups, perfect for retro styles and alternative rock. Supplied with a free 1/4 jack cable and gigbag to get you to and from lessons and gigs.",
      "price": 136.24,
      "image_path": "./Assets/Electric1.png"
    },
    {
      "guitar_title": "ESP LTD Alexi-200 Electric Guitar",
      "guitar_desc": "The ESP LTD Alexi-200 Black is the signature electric guitar of the legendary Children of Bodom frontman Alexi Laiho and impresses not only with its aggressive offset V design, but also with first-class playability and brute metal sounds. In addition to the large mahogany body, ESP relies on a bolt-on maple neck whose flat \"Thin U\" profile makes tight riffs and virtuoso solos emerge from your fingers with ease.",
      "price": 617.77,
      "image_path": "./Assets/Electric2.png"
    },
    {
      "guitar_title": "Yamaha Electric Guitar Pacifica-112V Black",
      "guitar_desc": "Yamaha Electric Guitar Pacifica-112V Black, an electric guitar that delivers a blend of quality sound and solid construction with an alder body, maple neck and rosewood fingerboard.",
      "price": 205.77,
      "image_path": "./Assets/Electric3.png"
    }
  ],
  "Twelve-String": [
    {
      "guitar_title": "D-X2E 12 STRING",
      "guitar_desc": "This Dreadnought sized model has a Sitka spruce top and figured mahogany pattern high-pressure laminate (HPL) back and sides. New mother-of-pearl pattern inlay on the rosette and fingerboard lend a richness to the D-X2E 12 String, making it as impressive to look at as it is to play",
      "price": 600,
      "image_path": "./Assets/Twelve-String1.png"
    },
    {
      "guitar_title": "Martin HD12-28 12 String",
      "guitar_desc": "This Martin HD12-28 12-string takes the HD28 as a foundation with its scalloped, forward shifted bracing and classic herringbone trim, to make sure that this D12-28 sounds broad, defined and alive. The great playability and reponsive character won't make it easy to put her down.",
      "price": 4109.56,
      "image_path": "./Assets/Twelve-String2.png"
    },

    {
      "guitar_title": "Takamine JJ325SRC-12 John Jorgenson",
      "guitar_desc": "John Jorgenson has made a decades-long career from being one of the most gifted and versatile guitar players in the US. So when he set out to design his signature Takamine JJ325SRC-12 12-string acoustic-electric guitar, his first demand was for it to be as sonically flexible as he is. Takamine achieved this feat by utilizing the unique properties of a solid spruce top with the bold tones of the bubinga used for the guitar's back and sides. And with it's onboard Takamine CT4B II electronics, you can perform with the same JJ325SRC-12 that caries Jorgenson's legendary name.",
      "price": 2000,
      "image_path": "./Assets/Twelve-String3.png"
    }
  ],
  "Archtop": [
    {
      "guitar_title": "Godin 031986 5th Avenue Archtop Jazz-Style Acoustic Guitar",
      "guitar_desc": "The Godin 5th Avenue brings you back to a time when the archtop acoustic guitar reigned supreme. With the soul of a 1950's archtop, the 5th Avenue is a true vintage spirit of yesterday with today's level of modern playability.",
      "price": 850,
      "image_path": "./Assets/archtop1.png"
    },
    {
      "guitar_title": "The Loar LH-309-VS Archtop Guitar",
      "guitar_desc": "An archtop guitar that blends vintage vibe with modern value. The LH-309 features a solid hand carved spruce top, a single P-90 pickup and a vintage V-profile neck.",
      "price": 750,

      "image_path": "./Assets/archtop2.png"
    }
  ],

  "Multineck": [
    {
      "guitar_title": "Gibson Custom EDS-1275 Double Neck Electric Guitar Cherry Red",
      "guitar_desc": "From country to rock to jazz to funk, doubleneck guitars have spanned time and musical genres. There are none as burned into the musical brain as Gibson's classic EDS-1275. With a solid mahogany body and neck and rosewood fingerboards, it's an impressive instrument to see.",
      "price": 8000,
      "image_path": "./Assets/multineck1.png"
    },
    {
      "guitar_title": "Gibson Custom EDS-1275 Doubleneck - Arctic White",
      "guitar_desc": "The Gibson Custom EDS-1275 offers you the legendary look and sound of some of the most quintessential guitar heroes in rock 'n' roll. These double necks have been seen in the hands of such players as Jimmy Page, Alex Lifeson, Don Felder, Zakk Wylde, and the list goes on. The double-neck design gives you instant access to the jangle of an electric 12-string, then a standard 6-string neck for Gibson's historic humbucker and mahogany tone. Complete your collection with this iconic Gibson Custom EDS-1275 double-neck electric guitar.",
      "price": 9000,
      "image_path": "./Assets/multineck2.png"
    }
  ],

  "Classical": [
    {
      "guitar_title": "Yamaha GC12S Grand Concert Classical Guitar",
      "guitar_desc": "Characterized by bright sound and superb response crafted with a solid front plate and solid mahogany wood plates in back and sides. Widely popular model that is perfect not only for classic music but also for enjoying popular sounds. GC12S features solid Spruce on the top board.",
      "price": 668.70,
      "image_path": "./Assets/classical1.png"
    },
    {
      "guitar_title": "VALENCIA CLASSIC GUITAR 3/4 HYBRID ANTIQUE NAT VC263H",
      "guitar_desc": "Featuring a beautiful high gloss finish, black top nut and bridge saddle, gold machine heads with black buttons and stylish rosette, the Series 260 looks as good as it plays.",
      "price": 65.12,
      "image_path": "./Assets/classical2.png"
    }
  ]
}